<?xml version="1.0"?>
<!DOCTYPE module PUBLIC
		"-//Checkstyle//DTD Checkstyle Configuration 1.3//EN"
		"https://checkstyle.org/dtds/configuration_1_3.dtd">
<module name="com.puppycrawl.tools.checkstyle.Checker">

	<!-- Root Checks -->
	<module name="io.spring.javaformat.checkstyle.check.SpringHeaderCheck">
		<property name="fileExtensions" value="java" />
		<property name="headerType" value="${headerType}" />
		<property name="headerFile" value="${headerFile}" default="" />
		<property name="headerCopyrightPattern" value="${headerCopyrightPattern}" />
	</module>
	<module name="io.spring.javaformat.checkstyle.check.SpringTestFileNameCheck" />
	<module name="com.puppycrawl.tools.checkstyle.checks.NewlineAtEndOfFileCheck" />
	<module name="com.puppycrawl.tools.checkstyle.checks.javadoc.JavadocPackageCheck" />

	<!-- TreeWalker Checks -->
	<module name="com.puppycrawl.tools.checkstyle.TreeWalker">
		<!-- Annotations -->
		<module name="com.puppycrawl.tools.checkstyle.checks.annotation.AnnotationUseStyleCheck">
			<property name="elementStyle" value="compact" />
		</module>
		<module name="com.puppycrawl.tools.checkstyle.checks.annotation.MissingOverrideCheck" />
		<module name="com.puppycrawl.tools.checkstyle.checks.annotation.MissingDeprecatedCheck" />
		<module name="com.puppycrawl.tools.checkstyle.checks.annotation.PackageAnnotationCheck" />
		<module name="io.spring.javaformat.checkstyle.check.SpringAnnotationLocationCheck" />

		<!-- Block Checks -->
		<module name="com.puppycrawl.tools.checkstyle.checks.blocks.EmptyBlockCheck">
			<property name="option" value="text" />
		</module>
		<module name="com.puppycrawl.tools.checkstyle.checks.blocks.LeftCurlyCheck" />
		<module name="com.puppycrawl.tools.checkstyle.checks.blocks.RightCurlyCheck">
			<property name="option" value="alone" />
		</module>
		<module name="com.puppycrawl.tools.checkstyle.checks.blocks.NeedBracesCheck" />
		<module name="com.puppycrawl.tools.checkstyle.checks.blocks.AvoidNestedBlocksCheck" />

		<!-- Class Design -->
		<module name="com.puppycrawl.tools.checkstyle.checks.design.FinalClassCheck" />
		<module name="com.puppycrawl.tools.checkstyle.checks.design.InterfaceIsTypeCheck" />
		<module name="io.spring.javaformat.checkstyle.check.SpringHideUtilityClassConstructor" />
		<module name="com.puppycrawl.tools.checkstyle.checks.design.MutableExceptionCheck" />
		<module name="com.puppycrawl.tools.checkstyle.checks.design.InnerTypeLastCheck" />
		<module name="com.puppycrawl.tools.checkstyle.checks.design.OneTopLevelClassCheck" />

		<!-- Coding -->
		<module name="com.puppycrawl.tools.checkstyle.checks.coding.CovariantEqualsCheck" />
		<module name="com.puppycrawl.tools.checkstyle.checks.coding.EmptyStatementCheck" />
		<module name="com.puppycrawl.tools.checkstyle.checks.coding.EqualsHashCodeCheck" />
		<module name="com.puppycrawl.tools.checkstyle.checks.coding.InnerAssignmentCheck" />
		<module name="com.puppycrawl.tools.checkstyle.checks.coding.SimplifyBooleanExpressionCheck" />
		<module name="com.puppycrawl.tools.checkstyle.checks.coding.SimplifyBooleanReturnCheck" />
		<module name="com.puppycrawl.tools.checkstyle.checks.coding.StringLiteralEqualityCheck" />
		<module name="com.puppycrawl.tools.checkstyle.checks.coding.NestedForDepthCheck">
			<property name="max" value="3" />
		</module>
		<module name="com.puppycrawl.tools.checkstyle.checks.coding.NestedIfDepthCheck">
			<property name="max" value="3" />
		</module>
		<module name="com.puppycrawl.tools.checkstyle.checks.coding.NestedTryDepthCheck">
			<property name="max" value="3" />
		</module>
		<module name="com.puppycrawl.tools.checkstyle.checks.coding.MultipleVariableDeclarationsCheck" />
		<module name="com.puppycrawl.tools.checkstyle.checks.coding.RequireThisCheck">
			<property name="checkMethods" value="false" />
			<property name="validateOnlyOverlapping" value="false" />
		</module>
		<module name="com.puppycrawl.tools.checkstyle.checks.coding.OneStatementPerLineCheck" />
		<module name="com.puppycrawl.tools.checkstyle.checks.coding.UnnecessarySemicolonInEnumerationCheck"/>

		<!-- Imports -->
		<module name="com.puppycrawl.tools.checkstyle.checks.imports.AvoidStarImportCheck" />
		<module name="com.puppycrawl.tools.checkstyle.checks.imports.RedundantImportCheck" />
		<module name="com.puppycrawl.tools.checkstyle.checks.imports.UnusedImportsCheck">
			<property name="processJavadoc" value="true" />
		</module>
		<module name="io.spring.javaformat.checkstyle.check.SpringImportOrderCheck">
			<property name="projectRootPackage" value="${projectRootPackage}"/>
		</module>

		<!-- Javadoc Comments -->
		<module name="com.puppycrawl.tools.checkstyle.checks.javadoc.JavadocTypeCheck">
			<property name="scope" value="package"/>
			<property name="authorFormat" value=".+\s.+"/>
		</module>
		<module name="com.puppycrawl.tools.checkstyle.checks.javadoc.JavadocMethodCheck" />
		<module name="com.puppycrawl.tools.checkstyle.checks.javadoc.JavadocVariableCheck">
			<property name="{{javadocVariableCheckScopeProperty}}" value="public"/>
		</module>
		<module name="com.puppycrawl.tools.checkstyle.checks.javadoc.JavadocStyleCheck">
			<property name="checkEmptyJavadoc" value="true"/>
		</module>
		<module name="com.puppycrawl.tools.checkstyle.checks.javadoc.NonEmptyAtclauseDescriptionCheck" />
		<module name="com.puppycrawl.tools.checkstyle.checks.javadoc.JavadocTagContinuationIndentationCheck">
			<property name="offset" value="0"/>
		</module>
		<module name="com.puppycrawl.tools.checkstyle.checks.javadoc.AtclauseOrderCheck">
			<property name="target" value="CLASS_DEF, INTERFACE_DEF, ENUM_DEF"/>
				<property name="tagOrder" value="@param, @author, @since, @see, @version, @serial, @deprecated"/>
		</module>
		<module name="com.puppycrawl.tools.checkstyle.checks.javadoc.AtclauseOrderCheck">
			<property name="target" value="METHOD_DEF, CTOR_DEF, VARIABLE_DEF"/>
				<property name="tagOrder" value="@param, @return, @throws, @since, @deprecated, @see"/>
		</module>

		<!-- Miscellaneous -->
		<module name="com.puppycrawl.tools.checkstyle.checks.indentation.CommentsIndentationCheck">
			<property name="tokens" value="BLOCK_COMMENT_BEGIN"/>
		</module>
		<module name="com.puppycrawl.tools.checkstyle.checks.UpperEllCheck" />
		<module name="com.puppycrawl.tools.checkstyle.checks.ArrayTypeStyleCheck" />
		<module name="com.puppycrawl.tools.checkstyle.checks.OuterTypeFilenameCheck" />

		<!-- Modifiers -->
		<module name="com.puppycrawl.tools.checkstyle.checks.modifier.RedundantModifierCheck" />
		<module name="com.puppycrawl.tools.checkstyle.checks.modifier.ModifierOrderCheck"/>

		<!-- Regexp -->
		<module name="com.puppycrawl.tools.checkstyle.checks.regexp.RegexpSinglelineJavaCheck">
			<property name="maximum" value="0"/>
			<property name="format" value="org\.mockito\.(Mockito|BDDMockito)\.(when|doThrow|doAnswer)" />
			<property name="message"
				value="Please use BDD-style (given, when, then) using BDDMockito imports." />
			<property name="ignoreComments" value="true" />
		</module>
		<module name="com.puppycrawl.tools.checkstyle.checks.regexp.RegexpSinglelineJavaCheck">
			<property name="maximum" value="0"/>
			<property name="format" value="org\.junit\.(Assert|jupiter\.api\.Assertions)" />
			<property name="message"
				value="Please use AssertJ imports." />
			<property name="ignoreComments" value="true" />
		</module>
		<module name="com.puppycrawl.tools.checkstyle.checks.regexp.RegexpCheck">
			<property name="format" value="[ \t]+$" />
			<property name="illegalPattern" value="true" />
			<property name="message" value="Trailing whitespace" />
		</module>

		<!-- Whitespace -->
		<module name="com.puppycrawl.tools.checkstyle.checks.whitespace.GenericWhitespaceCheck" />
		<module name="com.puppycrawl.tools.checkstyle.checks.whitespace.MethodParamPadCheck" />
		<module name="com.puppycrawl.tools.checkstyle.checks.whitespace.NoWhitespaceAfterCheck" >
			<property name="tokens" value="BNOT, DEC, DOT, INC, LNOT, UNARY_MINUS, UNARY_PLUS, ARRAY_DECLARATOR"/>
		</module>
		<module name="com.puppycrawl.tools.checkstyle.checks.whitespace.NoWhitespaceBeforeCheck" />
		<module name="com.puppycrawl.tools.checkstyle.checks.whitespace.TypecastParenPadCheck" />
		<module name="com.puppycrawl.tools.checkstyle.checks.whitespace.WhitespaceAfterCheck" />
		<module name="com.puppycrawl.tools.checkstyle.checks.whitespace.WhitespaceAroundCheck" />

		<!-- Spring Conventions -->
		<module name="io.spring.javaformat.checkstyle.check.SpringAvoidStaticImportCheck" >
			<property name="excludes" value="${avoidStaticImportExcludes}"/>
		</module>
		<module name="io.spring.javaformat.checkstyle.check.SpringLambdaCheck" />
		<module name="io.spring.javaformat.checkstyle.check.SpringTernaryCheck" />
		<module name="io.spring.javaformat.checkstyle.check.SpringCatchCheck" />
		<module name="io.spring.javaformat.checkstyle.check.SpringJavadocCheck" />
		<module name="io.spring.javaformat.checkstyle.check.SpringLeadingWhitespaceCheck" />
		<module name="io.spring.javaformat.checkstyle.check.SpringMethodOrderCheck" />
		<module name="io.spring.javaformat.checkstyle.check.SpringMethodVisibilityCheck" />
		<module name="io.spring.javaformat.checkstyle.check.SpringParenPadCheck" />
	</module>
</module>
